<?xml version="1.0" encoding="UTF-8"?>
<metadata tileno="cdnd43p">
<author>National Remote Sensing Centre,ISRO</author>
<author_URL>http://data-archive.nrsc.gov.in</author_URL>
<Data_Identification_Information>
<Name_of_the_Dataset>C1_DEM_16b_2006-2008_v1_75E13N_d43p</Name_of_the_Dataset>
<Theme>Terrain</Theme>
<Keywords>Cartosat-1,DEM,Streodata,India,ISRO,NRSC</Keywords>
<Access_Constraints xml:space="preserve"> Registered Users </Access_Constraints>
<Use_Constraints xml:space="preserve"> As per NRSC Data Dissemination Policy</Use_Constraints>
<Purpose_of_creating_data xml:space="preserve">Seamless DEM from IRS data </Purpose_of_creating_data>
<Data_Type>Elevation</Data_Type>
<Edition>First</Edition>
<Status>Completed</Status>
</Data_Identification_Information>
<Contact_Information>
<Contact_Person xml:space="preserve"> Group Director,NDC </Contact_Person>
<Organisation xml:space="preserve"> National Remote Sensing Centre</Organisation>
<Mailing_Address>Balanagar</Mailing_Address>
<City>Hyderabad</City>
<Country>India</Country>
<Contact_Telephone>04023884422/23</Contact_Telephone>
<Contact_Fax>04023878158</Contact_Fax>
<Contact_Email>gdndc@nrsc.gov.in</Contact_Email>
</Contact_Information>
<Geographic_Location>
<Spheroid_Datum> GCS, WGS-1984</Spheroid_Datum>
</Geographic_Location>
<Coverage>
<Upper_left>X = 75E, Y = 14N </Upper_left>
<Upper_right>X = 76E, Y = 14N </Upper_right>
<Lower_right>X = 76E, Y = 13N </Lower_right>
<Lower_left>X = 75E, Y = 13N </Lower_left>
</Coverage>
<Citation>
<Data_Prepared_by>NRSC</Data_Prepared_by>
<Original_Source xml:space="preserve">Cartosat-1 PAN(2.5m) Stereo Data</Original_Source>
<Lineage>
<Tile_Name>D43P      </Tile_Name>
<Resolution xml:space="preserve">1 arc sec</Resolution>
<File_Format>Geotiff</File_Format>
</Lineage>
</Citation>
<Metadata_Stamp>
<Metadata_Date_Stamp>20/08/2011</Metadata_Date_Stamp>
</Metadata_Stamp>
<Dataset_Topic_Category>
<Data_Identification_topic_category xml:space="preserve">Digital Elevation Model</Data_Identification_topic_category>
</Dataset_Topic_Category>
<Language>
<language>English</language>
</Language>
<Abstract_describing_the_data>
<Data_Identification_Abstract xml:space="preserve"> The primary mission goal of CARTOSAT-1 is to generate a current, accurate and nationally consistent Digital Elevation Model (DEM) throughout the country to facilitate the user communities of remote sensing and cartography. It is anticipated that the DEM will be useful in providing an elevation reference of the existing topographic conditions. In the GIS environment, DEM will provide a terrain model to facilitate drainage network analysis, watershed demarcation, erosion mapping, contour generation and quantitative analysis like volume-area calculation. DEM will enable generation of ortho-rectified images which can be used as raster maps to define and demarcate features such as land use, topography, roads, rivers, water-bodies etc. They may also be used to establish accurate geographic locations of features and make measurements. Other applications of DEM and Ortho-image include scene simulation and fly through visualization for appreciation of terrain relief</Data_Identification_Abstract>
</Abstract_describing_the_data>
<For_Image_Data>
<Name_of_the_Satellite>Cartosat-1</Name_of_the_Satellite>
<Sensor xml:space="preserve">PAN(2.5m) Stereo Data</Sensor>
<File_Format>Geotiff</File_Format>
<Bits_per_Pixel>16bit</Bits_per_Pixel>
<Spatial_Resolution xml:space="preserve">1arc sec</Spatial_Resolution>
<Spatial_Resolution_Unit>m</Spatial_Resolution_Unit>
</For_Image_Data>
</metadata>
